Unnamed: 0,utterance_id,turn_id,chat_id,datetime,user_utterance,valence,label,sublabel,bot_action,bot_datetime,bot_utterance,user_rating,user_rating_explanation,valence_new,label_new,sublabel_new,Contained technical issue,user_rating_english,user_rating_explanation_english,user_sentiment,bot_sentiment
1,2,2,1.0,2023-08-07 15:43:07.304097,Ich möchte weniger prokrastinieren,change,Reason,desire,,2023-08-07 15:43:09.81535,"Du möchtest also weniger prokrastinieren. Kannst du mir etwas darüber erzählen, warum dir diese Veränderung wichtig ist?",,,change,Reason,desire,1.0,,,2.0,1.5
7,8,2,2.0,2023-08-07 15:45:55.656004,Ich möchte weniger prokrastinieren,change,Reason,desire,,2023-08-07 15:45:57.482586,"Du möchtest also weniger prokrastinieren. Kannst du mir etwas darüber erzählen, warum dir diese Veränderung wichtig ist?",,,change,Reason,desire,0.0,,,2.0,1.5
14,15,2,3.0,2023-08-07 15:48:57.305736,Ich möchte weniger prokrastinieren,change,Reason,desire,,2023-08-07 15:48:59.433527,"Du möchtest also weniger prokrastinieren. Kannst du mir etwas darüber erzählen, warum dir diese Veränderung wichtig ist?",,,change,Reason,desire,0.0,,,2.0,1.5
20,21,2,4.0,2023-08-07 15:50:58.178409,Ich möchte mich gesünder ernähren,change,Reason,desire,,2023-08-07 15:50:59.79789,"Du möchtest also gesünder essen. Kannst du mir etwas darüber erzählen, warum dir diese Veränderung wichtig ist?",,,change,Reason,desire,0.0,,,2.0,2.0
27,28,2,5.0,2023-08-07 15:52:07.786167,Ich möchte mich gesünder ernähren,change,Reason,desire,,2023-08-07 15:52:09.532684,"Du möchtest also gesünder essen. Kannst du mir etwas darüber erzählen, warum dir diese Veränderung wichtig ist?",,,change,Reason,desire,0.0,,,2.0,2.0
46,47,2,6.0,2023-08-07 15:57:48.29457,Ich möchte weniger prokrastinieren,change,Reason,desire,,2023-08-07 15:57:50.074046,"Du möchtest also weniger prokrastinieren. Kannst du mir etwas darüber erzählen, warum dir diese Veränderung wichtig ist?",,,change,Reason,desire,0.0,,,2.0,1.5
52,53,2,8.0,2023-08-07 15:58:42.506176,Ich möchte mich gesünder ernähren,change,Reason,desire,,2023-08-07 15:58:44.084864,"Du möchtest also gesünder essen. Kannst du mir etwas darüber erzählen, warum dir diese Veränderung wichtig ist?",,,change,Reason,desire,0.0,,,2.0,2.0
54,55,2,7.0,2023-08-07 15:58:50.279529,Ich möchte mich gesünder ernähren,change,Reason,desire,,2023-08-07 15:58:52.038111,"Du möchtest also gesünder essen. Kannst du mir etwas darüber erzählen, warum dir diese Veränderung wichtig ist?",,,change,Reason,desire,0.0,,,2.0,2.0
99,100,2,9.0,2023-08-07 16:19:30.979737,Ich möchte weniger prokrastinieren,change,Reason,desire,,2023-08-07 16:19:32.75212,"Du möchtest also weniger prokrastinieren. Kannst du mir etwas darüber erzählen, warum dir diese Veränderung wichtig ist?",,,change,Reason,desire,0.0,,,2.0,1.5
100,101,2,11.0,2023-08-07 16:19:48.476518,Ich möchte weniger prokrastinieren,change,Reason,desire,,2023-08-07 16:19:50.174367,"Du möchtest also weniger prokrastinieren. Kannst du mir etwas darüber erzählen, warum dir diese Veränderung wichtig ist?",,,change,Reason,desire,0.0,,,2.0,1.5
101,102,2,10.0,2023-08-07 16:19:50.42362,Ich möchte weniger prokrastinieren,change,Reason,desire,,2023-08-07 16:19:52.103189,"Du möchtest also weniger prokrastinieren. Kannst du mir etwas darüber erzählen, warum dir diese Veränderung wichtig ist?",,,change,Reason,desire,0.0,,,2.0,1.5
114,115,2,12.0,2023-08-07 16:24:17.576596,Ich möchte weniger prokrastinieren,change,Reason,desire,,2023-08-07 16:24:43.124794,"Auf einer Skala von 0 (überhaupt nicht) bis 10 (sehr), wie interessiert bist du jetzt gerade daran, diese Veränderung durchzuführen?",,,change,Reason,desire,0.0,,,2.0,1.0
125,126,2,13.0,2023-08-07 16:27:02.621475,Ich möchte mich gesünder ernähren,change,Reason,desire,,2023-08-07 16:27:04.452981,"Du möchtest also gesünder essen. Kannst du mir etwas darüber erzählen, warum dir diese Veränderung wichtig ist?",,,change,Reason,desire,0.0,,,2.0,2.0
155,156,2,14.0,2023-08-07 16:37:03.688495,Ich möchte weniger prokrastinieren,change,Reason,desire,,2023-08-07 16:37:05.487179,"Du möchtest also weniger prokrastinieren. Kannst du mir etwas darüber erzählen, warum dir diese Veränderung wichtig ist?",,,change,Reason,desire,0.0,,,2.0,1.5
164,165,2,15.0,2023-08-07 16:41:31.398399,Ich möchte mich gesünder ernähren,change,Reason,desire,,2023-08-07 16:41:33.332574,"Du möchtest also gesünder essen. Kannst du mir etwas darüber erzählen, warum dir diese Veränderung wichtig ist?",,,change,Reason,desire,0.0,,,2.0,2.0
170,171,2,16.0,2023-08-07 16:43:17.638959,Ich möchte weniger prokrastinieren,change,Reason,desire,,2023-08-07 16:43:19.306426,"Du möchtest also weniger prokrastinieren. Kannst du mir etwas darüber erzählen, warum dir diese Veränderung wichtig ist?",,,change,Reason,desire,0.0,,,2.0,1.5
193,194,2,17.0,2023-08-07 17:08:35.196928,Ich möchte mich gesünder ernähren,change,Reason,desire,,2023-08-07 17:08:36.863008,"Du möchtest also gesünder essen. Kannst du mir etwas darüber erzählen, warum dir diese Veränderung wichtig ist?",,,change,Reason,desire,0.0,,,2.0,2.0
200,201,2,19.0,2023-08-07 17:11:24.976987,Ich möchte weniger prokrastinieren,change,Reason,desire,,2023-08-07 17:11:26.654589,"Du möchtest also weniger prokrastinieren. Kannst du mir etwas darüber erzählen, warum dir diese Veränderung wichtig ist?",,,change,Reason,desire,0.0,,,2.0,1.5
236,237,2,21.0,2023-08-07 17:31:47.406454,Ich möchte mich gesünder ernähren,change,Reason,desire,,2023-08-07 17:31:49.150118,"Du möchtest also gesünder essen. Kannst du mir etwas darüber erzählen, warum dir diese Veränderung wichtig ist?",,,change,Reason,desire,0.0,,,2.0,2.0
242,243,2,22.0,2023-08-07 17:33:35.142894,Ich möchte weniger prokrastinieren,change,Reason,desire,,2023-08-07 17:33:37.152944,"Du möchtest also weniger prokrastinieren. Kannst du mir etwas darüber erzählen, warum dir diese Veränderung wichtig ist?",,,change,Reason,desire,0.0,,,2.0,1.5
247,248,2,23.0,2023-08-07 17:34:22.393242,Ich möchte mich gesünder ernähren,change,Reason,desire,,2023-08-07 17:34:24.307186,"Du möchtest also gesünder essen. Kannst du mir etwas darüber erzählen, warum dir diese Veränderung wichtig ist?",,,change,Reason,desire,0.0,,,2.0,2.0
251,252,2,24.0,2023-08-07 17:34:46.476684,Ich möchte weniger prokrastinieren,change,Reason,desire,,2023-08-07 17:34:48.551459,"Du möchtest also weniger prokrastinieren. Kannst du mir etwas darüber erzählen, warum dir diese Veränderung wichtig ist?",,,change,Reason,desire,0.0,,,2.0,1.5
255,256,2,25.0,2023-08-07 17:35:05.871621,Ich möchte weniger prokrastinieren,change,Reason,desire,,2023-08-07 17:35:07.802401,"Du möchtest also weniger prokrastinieren. Kannst du mir etwas darüber erzählen, warum dir diese Veränderung wichtig ist?",,,change,Reason,desire,0.0,,,2.0,1.5
273,274,2,26.0,2023-08-07 17:39:16.88897,Ich möchte mich gesünder ernähren,change,Reason,desire,,2023-08-07 17:39:18.694472,"Du möchtest also gesünder essen. Kannst du mir etwas darüber erzählen, warum dir diese Veränderung wichtig ist?",,,change,Reason,desire,0.0,,,2.0,2.0
285,286,2,27.0,2023-08-07 17:41:06.22712,Da man mit der normalen Nahrung schon genug Zucker zu sich nimmt,change,Reason,General Reason,,2023-08-07 17:41:09.599067,Wie wichtig ist dir diese Veränderung auf einer Skala von 0 (überhaupt nicht) bis 10 (sehr),,,change,Reason,General Reason,,,,1.0,2.0
322,323,2,28.0,2023-08-08 09:50:46.409896,Ich möchte weniger prokrastinieren,change,Reason,desire,,2023-08-08 09:50:48.088315,"Du möchtest also weniger prokrastinieren. Kannst du mir etwas darüber erzählen, warum dir diese Veränderung wichtig ist?",,,change,Reason,desire,0.0,,,2.0,1.5
340,341,2,31.0,2023-08-08 10:12:20.836416,Ich möchte mich gesünder ernähren,change,Reason,desire,,2023-08-08 10:12:22.486546,"Du möchtest also gesünder essen. Kannst du mir etwas darüber erzählen, warum dir diese Veränderung wichtig ist?",,,change,Reason,desire,0.0,,,2.0,2.0
359,360,2,32.0,2023-08-08 10:31:10.540462,Ich möchte nachhaltiger leben,change,Reason,desire,,2023-08-08 10:31:12.149465,"Du möchtest also nachhaltiger leben. Kannst du mir etwas darüber erzählen, warum dir diese Veränderung wichtig ist?",,,change,Reason,desire,0.0,,,2.0,2.0
396,397,2,36.0,2023-08-08 11:58:55.376547,Ich möchte mich gesünder ernähren,change,Reason,desire,,2023-08-08 11:58:57.133254,"Du möchtest also gesünder essen. Kannst du mir etwas darüber erzählen, warum dir diese Veränderung wichtig ist?",,,change,Reason,desire,0.0,,,2.0,2.0
409,410,2,37.0,2023-08-08 12:04:53.426534,Ich möchte nachhaltiger leben,change,Reason,desire,,2023-08-08 12:04:55.112583,"Du möchtest also nachhaltiger leben. Kannst du mir etwas darüber erzählen, warum dir diese Veränderung wichtig ist?",,,change,Reason,desire,0.0,,,2.0,2.0
417,418,2,38.0,2023-08-08 12:06:58.447387,Ich möchte mich gesünder ernähren,change,Reason,desire,,2023-08-08 12:07:00.565639,"Du möchtest also gesünder essen. Kannst du mir etwas darüber erzählen, warum dir diese Veränderung wichtig ist?",,,change,Reason,desire,0.0,,,2.0,2.0
418,419,2,39.0,2023-08-08 12:07:10.495893,Ich möchte weniger prokrastinieren,change,Reason,desire,,2023-08-08 12:07:12.361397,"Du möchtest also weniger prokrastinieren. Kannst du mir etwas darüber erzählen, warum dir diese Veränderung wichtig ist?",,,change,Reason,desire,0.0,,,2.0,1.5
423,424,2,40.0,2023-08-08 12:07:41.832188,Ich möchte weniger prokrastinieren,change,Reason,desire,,2023-08-08 12:07:43.55698,"Du möchtest also weniger prokrastinieren. Kannst du mir etwas darüber erzählen, warum dir diese Veränderung wichtig ist?",,,change,Reason,desire,1.0,,,2.0,1.5
463,464,2,41.0,2023-08-08 12:22:05.917793,Ich möchte mich gesünder ernähren,change,Reason,desire,,2023-08-08 12:22:07.814582,"Du möchtest also gesünder essen. Kannst du mir etwas darüber erzählen, warum dir diese Veränderung wichtig ist?",,,change,Reason,desire,0.0,,,2.0,2.0
476,477,2,42.0,2023-08-08 12:38:38.621169,Ich möchte weniger prokrastinieren,change,Reason,desire,,2023-08-08 12:38:40.385269,"Du möchtest also weniger prokrastinieren. Kannst du mir etwas darüber erzählen, warum dir diese Veränderung wichtig ist?",,,change,Reason,desire,0.0,,,2.0,1.5
488,489,2,44.0,2023-08-08 12:43:49.151615,Ich möchte weniger prokrastinieren,change,Reason,desire,,2023-08-08 12:43:51.021575,"Du möchtest also weniger prokrastinieren. Kannst du mir etwas darüber erzählen, warum dir diese Veränderung wichtig ist?",,,change,Reason,desire,0.0,,,2.0,1.5
490,491,2,45.0,2023-08-08 12:43:50.653965,Ich möchte weniger prokrastinieren,change,Reason,desire,,2023-08-08 12:43:52.564612,"Du möchtest also weniger prokrastinieren. Kannst du mir etwas darüber erzählen, warum dir diese Veränderung wichtig ist?",,,change,Reason,desire,0.0,,,2.0,1.5
551,552,2,49.0,2023-08-08 13:22:56.69213,Ich möchte mich gesünder ernähren,change,Reason,desire,,2023-08-08 13:22:58.482227,"Du möchtest also gesünder essen. Kannst du mir etwas darüber erzählen, warum dir diese Veränderung wichtig ist?",,,change,Reason,desire,1.0,,,2.0,2.0
557,558,2,50.0,2023-08-08 13:25:37.693653,Ich möchte weniger prokrastinieren,change,Reason,desire,,2023-08-08 13:25:39.467711,"Du möchtest also weniger prokrastinieren. Kannst du mir etwas darüber erzählen, warum dir diese Veränderung wichtig ist?",,,change,Reason,desire,0.0,,,2.0,1.5
563,564,2,51.0,2023-08-08 13:27:09.067222,Ich möchte weniger prokrastinieren,change,Reason,desire,,,,,,change,Reason,desire,1.0,,,2.0,2.0
566,567,2,52.0,2023-08-08 13:27:41.650587,Ich möchte weniger prokrastinieren,change,Reason,desire,,2023-08-08 13:27:43.37135,"Du möchtest also weniger prokrastinieren. Kannst du mir etwas darüber erzählen, warum dir diese Veränderung wichtig ist?",,,change,Reason,desire,,,,2.0,1.5
599,600,2,53.0,2023-08-08 13:36:44.541659,Ich möchte mich gesünder ernähren,change,Reason,desire,,2023-08-08 13:36:46.566668,"Du möchtest also gesünder essen. Kannst du mir etwas darüber erzählen, warum dir diese Veränderung wichtig ist?",,,change,Reason,desire,0.0,,,2.0,2.0
626,627,2,55.0,2023-08-08 13:56:15.622866,Ich möchte weniger prokrastinieren,change,Reason,desire,,2023-08-08 13:56:17.337406,"Du möchtest also weniger prokrastinieren. Kannst du mir etwas darüber erzählen, warum dir diese Veränderung wichtig ist?",,,change,Reason,desire,0.0,,,2.0,1.5
640,641,2,56.0,2023-08-08 14:12:18.858948,Ich möchte weniger prokrastinieren,change,Reason,desire,,2023-08-08 14:12:20.609553,"Du möchtest also weniger prokrastinieren. Kannst du mir etwas darüber erzählen, warum dir diese Veränderung wichtig ist?",,,change,Reason,desire,0.0,,,2.0,1.5
645,646,2,57.0,2023-08-08 14:16:04.745941,Ich möchte weniger prokrastinieren,change,Reason,desire,,2023-08-08 14:16:06.989548,"Du möchtest also weniger prokrastinieren. Kannst du mir etwas darüber erzählen, warum dir diese Veränderung wichtig ist?",,,change,Reason,desire,0.0,,,2.0,1.5
659,660,2,58.0,2023-08-08 14:32:10.646366,Ich möchte weniger prokrastinieren,change,Reason,desire,,2023-08-08 14:32:12.613304,"Du möchtest also weniger prokrastinieren. Kannst du mir etwas darüber erzählen, warum dir diese Veränderung wichtig ist?",,,change,Reason,desire,0.0,,,2.0,1.5
676,677,2,59.0,2023-08-08 14:49:08.314683,Ich möchte nachhaltiger leben,change,Reason,desire,,2023-08-08 14:49:10.373384,"Du möchtest also nachhaltiger leben. Kannst du mir etwas darüber erzählen, warum dir diese Veränderung wichtig ist?",,,change,Reason,desire,0.0,,,2.0,2.0
687,688,2,60.0,2023-08-08 14:58:44.604667,Ich möchte mich gesünder ernähren,change,Reason,desire,,2023-08-08 14:58:46.272289,"Du möchtest also gesünder essen. Kannst du mir etwas darüber erzählen, warum dir diese Veränderung wichtig ist?",,,change,Reason,desire,1.0,,,2.0,2.0
695,696,2,61.0,2023-08-08 15:02:27.18224,Ich möchte nachhaltiger leben,change,Reason,desire,,2023-08-08 15:02:29.506205,"Du möchtest also nachhaltiger leben. Kannst du mir etwas darüber erzählen, warum dir diese Veränderung wichtig ist?",,,change,Reason,desire,0.0,,,2.0,2.0
700,701,2,62.0,2023-08-08 15:04:44.162145,Ich möchte mich gesünder ernähren,change,Reason,desire,,2023-08-08 15:04:46.015272,"Du möchtest also gesünder essen. Kannst du mir etwas darüber erzählen, warum dir diese Veränderung wichtig ist?",,,change,Reason,desire,0.0,,,2.0,2.0
701,702,2,63.0,2023-08-08 15:05:14.065016,Ich möchte mich gesünder ernähren,change,Reason,desire,,2023-08-08 15:05:16.024018,"Du möchtest also gesünder essen. Kannst du mir etwas darüber erzählen, warum dir diese Veränderung wichtig ist?",,,change,Reason,desire,0.0,,,2.0,2.0
713,714,2,64.0,2023-08-08 15:08:52.311967,Ich möchte mich gesünder ernähren,change,Reason,desire,,2023-08-08 15:08:54.012749,"Du möchtest also gesünder essen. Kannst du mir etwas darüber erzählen, warum dir diese Veränderung wichtig ist?",,,change,Reason,desire,0.0,,,2.0,2.0
748,749,2,65.0,2023-08-08 16:31:14.289979,Ich möchte weniger prokrastinieren,change,Reason,desire,,2023-08-08 16:31:16.152022,"Du möchtest also weniger prokrastinieren. Kannst du mir etwas darüber erzählen, warum dir diese Veränderung wichtig ist?",,,change,Reason,desire,0.0,,,2.0,1.5
755,756,2,66.0,2023-08-08 16:39:15.936195,Ich möchte weniger prokrastinieren,change,Reason,desire,,2023-08-08 16:39:18.506024,"Du möchtest also weniger prokrastinieren. Kannst du mir etwas darüber erzählen, warum dir diese Veränderung wichtig ist?",,,change,Reason,desire,0.0,,,2.0,1.5
764,765,2,67.0,2023-08-08 16:47:06.912414,Ich möchte mich gesünder ernähren,change,Reason,desire,,2023-08-08 16:47:10.404664,"Du möchtest also gesünder essen. Kannst du mir etwas darüber erzählen, warum dir diese Veränderung wichtig ist?",,,change,Reason,desire,0.0,,,2.0,2.0
779,780,2,69.0,2023-08-08 16:55:32.584759,Ich möchte weniger prokrastinieren,change,Reason,desire,,2023-08-08 16:55:34.446671,"Du möchtest also weniger prokrastinieren. Kannst du mir etwas darüber erzählen, warum dir diese Veränderung wichtig ist?",,,change,Reason,desire,0.0,,,2.0,1.5
789,790,2,70.0,2023-08-08 16:57:07.317558,Ich möchte mich gesünder ernähren,change,Reason,desire,,2023-08-08 16:57:08.938212,"Du möchtest also gesünder essen. Kannst du mir etwas darüber erzählen, warum dir diese Veränderung wichtig ist?",,,change,Reason,desire,0.0,,,2.0,2.0
790,791,2,71.0,2023-08-08 16:57:12.098013,Ich möchte weniger prokrastinieren,change,Reason,desire,,2023-08-08 16:57:14.01268,"Du möchtest also weniger prokrastinieren. Kannst du mir etwas darüber erzählen, warum dir diese Veränderung wichtig ist?",,,change,Reason,desire,0.0,,,2.0,1.5
814,815,2,72.0,2023-08-08 17:03:31.040755,Ich möchte weniger prokrastinieren,change,Reason,desire,,2023-08-08 17:03:33.14704,"Du möchtest also weniger prokrastinieren. Kannst du mir etwas darüber erzählen, warum dir diese Veränderung wichtig ist?",,,change,Reason,desire,0.0,,,2.0,1.5
815,816,2,73.0,2023-08-08 17:03:40.190961,Ich möchte mich gesünder ernähren,change,Reason,desire,,2023-08-08 17:03:42.862231,"Du möchtest also gesünder essen. Kannst du mir etwas darüber erzählen, warum dir diese Veränderung wichtig ist?",,,change,Reason,desire,0.0,,,2.0,2.0
838,839,2,74.0,2023-08-08 17:07:45.219035,Ich möchte weniger prokrastinieren,change,Reason,desire,,2023-08-08 17:07:47.184976,"Du möchtest also weniger prokrastinieren. Kannst du mir etwas darüber erzählen, warum dir diese Veränderung wichtig ist?",,,change,Reason,desire,0.0,,,2.0,1.5
839,840,2,75.0,2023-08-08 17:08:03.056773,Ich möchte weniger prokrastinieren,change,Reason,desire,,2023-08-08 17:08:04.916804,"Du möchtest also weniger prokrastinieren. Kannst du mir etwas darüber erzählen, warum dir diese Veränderung wichtig ist?",,,change,Reason,desire,0.0,,,2.0,1.5
903,916,2,80.0,2023-08-09 09:10:52.86321,Ich möchte mich gesünder ernähren,change,Reason,desire,,2023-08-09 09:10:54.791947,"Du möchtest also gesünder essen. Kannst du mir etwas darüber erzählen, warum dir diese Veränderung wichtig ist?",,,change,Reason,desire,0.0,,,2.0,2.0
913,926,2,81.0,2023-08-09 09:18:57.662304,Ich möchte weniger prokrastinieren,change,Reason,desire,,2023-08-09 09:18:59.296305,"Du möchtest also weniger prokrastinieren. Kannst du mir etwas darüber erzählen, warum dir diese Veränderung wichtig ist?",,,change,Reason,desire,0.0,,,2.0,1.5
922,935,2,83.0,2023-08-09 09:21:14.862865,Ich möchte mich gesünder ernähren,change,Reason,desire,,2023-08-09 09:21:16.439645,"Du möchtest also gesünder essen. Kannst du mir etwas darüber erzählen, warum dir diese Veränderung wichtig ist?",,,change,Reason,desire,0.0,,,2.0,2.0
933,946,2,84.0,2023-08-09 09:24:05.047508,Ich möchte mich gesünder ernähren,change,Reason,desire,,2023-08-09 09:24:06.895527,"Du möchtest also gesünder essen. Kannst du mir etwas darüber erzählen, warum dir diese Veränderung wichtig ist?",,,change,Reason,desire,0.0,,,2.0,2.0
950,963,2,85.0,2023-08-09 09:30:21.758819,Ich möchte weniger prokrastinieren,change,Reason,desire,,2023-08-09 09:30:23.684081,"Du möchtest also weniger prokrastinieren. Kannst du mir etwas darüber erzählen, warum dir diese Veränderung wichtig ist?",,,change,Reason,desire,0.0,,,2.0,1.5
973,986,2,86.0,2023-08-09 09:41:25.378167,Ich möchte weniger prokrastinieren,change,Reason,desire,,2023-08-09 09:41:27.468867,"Du möchtest also weniger prokrastinieren. Kannst du mir etwas darüber erzählen, warum dir diese Veränderung wichtig ist?",,,change,Reason,desire,0.0,,,2.0,1.5
982,995,2,87.0,2023-08-09 09:54:07.391422,Ich möchte weniger prokrastinieren,change,Reason,desire,,2023-08-09 09:54:09.426414,"Du möchtest also weniger prokrastinieren. Kannst du mir etwas darüber erzählen, warum dir diese Veränderung wichtig ist?",,,change,Reason,desire,0.0,,,2.0,1.5
989,1002,2,88.0,2023-08-09 09:58:29.410754,Ich möchte mich gesünder ernähren,change,Reason,desire,,2023-08-09 09:58:31.074764,"Du möchtest also gesünder essen. Kannst du mir etwas darüber erzählen, warum dir diese Veränderung wichtig ist?",,,change,Reason,desire,0.0,,,2.0,2.0
1011,1024,2,89.0,2023-08-09 10:32:06.463777,Ich möchte weniger prokrastinieren,change,Reason,desire,,2023-08-09 10:32:08.173937,"Du möchtest also weniger prokrastinieren. Kannst du mir etwas darüber erzählen, warum dir diese Veränderung wichtig ist?",,,change,Reason,desire,0.0,,,2.0,1.5
1019,1032,2,90.0,2023-08-09 10:37:22.223116,Ich möchte nachhaltiger leben,change,Reason,desire,,2023-08-09 10:37:24.038681,"Du möchtest also nachhaltiger leben. Kannst du mir etwas darüber erzählen, warum dir diese Veränderung wichtig ist?",,,change,Reason,desire,1.0,,,2.0,2.0
1021,1034,2,91.0,2023-08-09 10:38:04.296351,Ich möchte weniger prokrastinieren,change,Reason,desire,,2023-08-09 10:38:05.967137,"Du möchtest also weniger prokrastinieren. Kannst du mir etwas darüber erzählen, warum dir diese Veränderung wichtig ist?",,,change,Reason,desire,0.0,,,2.0,1.5
1034,1047,2,92.0,2023-08-09 10:42:25.346868,Ich möchte weniger prokrastinieren,change,Reason,desire,,2023-08-09 10:42:27.706422,"Du möchtest also weniger prokrastinieren. Kannst du mir etwas darüber erzählen, warum dir diese Veränderung wichtig ist?",,,change,Reason,desire,1.0,,,2.0,1.5
1042,1055,2,93.0,2023-08-09 10:45:23.84084,Ich möchte nachhaltiger leben,change,Reason,desire,,2023-08-09 10:45:26.966779,"Du möchtest also nachhaltiger leben. Kannst du mir etwas darüber erzählen, warum dir diese Veränderung wichtig ist?",,,change,Reason,desire,1.0,,,2.0,2.0
1049,1062,2,94.0,2023-08-09 10:47:19.335613,Ich möchte mich gesünder ernähren,change,Reason,desire,,2023-08-09 10:47:21.016074,"Du möchtest also gesünder essen. Kannst du mir etwas darüber erzählen, warum dir diese Veränderung wichtig ist?",,,change,Reason,desire,0.0,,,2.0,2.0
1069,1082,2,95.0,2023-08-09 10:54:30.382314,Ich möchte mich gesünder ernähren,change,Reason,desire,,2023-08-09 10:54:32.364436,"Du möchtest also gesünder essen. Kannst du mir etwas darüber erzählen, warum dir diese Veränderung wichtig ist?",,,change,Reason,desire,0.0,,,2.0,2.0
1095,1108,2,96.0,2023-08-09 11:16:23.234558,Ich möchte weniger prokrastinieren,change,Reason,desire,,2023-08-09 11:16:25.619041,"Du möchtest also weniger prokrastinieren. Kannst du mir etwas darüber erzählen, warum dir diese Veränderung wichtig ist?",,,change,Reason,desire,1.0,,,2.0,1.5
1107,1125,2,98.0,2023-08-09 11:43:41.76686,Ich möchte mich gesünder ernähren,change,Reason,desire,,2023-08-09 11:43:44.171137,"Du möchtest also gesünder essen. Kannst du mir etwas darüber erzählen, warum dir diese Veränderung wichtig ist?",,,change,Reason,desire,0.0,,,2.0,2.0
1119,1137,2,99.0,2023-08-09 12:05:25.424228,Ich möchte weniger prokrastinieren,change,Reason,desire,,2023-08-09 12:05:27.523736,"Du möchtest also weniger prokrastinieren. Kannst du mir etwas darüber erzählen, warum dir diese Veränderung wichtig ist?",,,change,Reason,desire,0.0,,,2.0,1.5
1121,1139,2,100.0,2023-08-09 12:06:14.34273,Ich möchte weniger prokrastinieren,change,Reason,desire,,2023-08-09 12:06:16.006423,"Du möchtest also weniger prokrastinieren. Kannst du mir etwas darüber erzählen, warum dir diese Veränderung wichtig ist?",,,change,Reason,desire,0.0,,,2.0,1.5
1136,1154,2,101.0,2023-08-09 12:13:10.943095,Ich möchte mich gesünder ernähren,change,Reason,desire,,2023-08-09 12:13:12.683883,"Du möchtest also gesünder essen. Kannst du mir etwas darüber erzählen, warum dir diese Veränderung wichtig ist?",,,change,Reason,desire,0.0,,,2.0,2.0
1155,1173,2,102.0,2023-08-09 12:25:02.771295,Ich möchte weniger prokrastinieren,change,Reason,desire,,2023-08-09 12:25:04.529072,"Du möchtest also weniger prokrastinieren. Kannst du mir etwas darüber erzählen, warum dir diese Veränderung wichtig ist?",,,change,Reason,desire,0.0,,,2.0,1.5
1163,1181,2,103.0,2023-08-09 12:33:21.91724,Ich möchte mich gesünder ernähren,change,Reason,desire,,2023-08-09 12:33:23.66981,"Du möchtest also gesünder essen. Kannst du mir etwas darüber erzählen, warum dir diese Veränderung wichtig ist?",,,change,Reason,desire,0.0,,,2.0,2.0
1164,1182,2,104.0,2023-08-09 12:33:23.61252,Ich möchte weniger prokrastinieren,change,Reason,desire,,2023-08-09 12:33:25.087958,"Du möchtest also weniger prokrastinieren. Kannst du mir etwas darüber erzählen, warum dir diese Veränderung wichtig ist?",,,change,Reason,desire,0.0,,,2.0,1.5
1170,1188,2,105.0,2023-08-09 12:34:18.281744,Ich möchte mich gesünder ernähren,change,Reason,desire,,2023-08-09 12:34:20.140547,"Du möchtest also gesünder essen. Kannst du mir etwas darüber erzählen, warum dir diese Veränderung wichtig ist?",,,change,Reason,desire,0.0,,,2.0,2.0
1203,1221,2,106.0,2023-08-09 12:54:28.226852,Ich möchte weniger prokrastinieren,change,Reason,desire,,2023-08-09 12:54:29.91083,"Du möchtest also weniger prokrastinieren. Kannst du mir etwas darüber erzählen, warum dir diese Veränderung wichtig ist?",,,change,Reason,desire,0.0,,,2.0,1.5
1209,1227,2,107.0,2023-08-09 12:56:30.08849,Ich möchte mich gesünder ernähren,change,Reason,desire,,2023-08-09 12:56:31.718357,"Du möchtest also gesünder essen. Kannst du mir etwas darüber erzählen, warum dir diese Veränderung wichtig ist?",,,change,Reason,desire,0.0,,,2.0,2.0
1221,1239,2,108.0,2023-08-09 13:02:15.76374,Ich möchte weniger prokrastinieren,change,Reason,desire,,2023-08-09 13:02:17.420237,"Du möchtest also weniger prokrastinieren. Kannst du mir etwas darüber erzählen, warum dir diese Veränderung wichtig ist?",,,change,Reason,desire,0.0,,,2.0,1.5
1235,1253,2,109.0,2023-08-09 13:12:34.320333,Ich möchte weniger prokrastinieren,change,Reason,desire,,2023-08-09 13:12:35.905447,"Du möchtest also weniger prokrastinieren. Kannst du mir etwas darüber erzählen, warum dir diese Veränderung wichtig ist?",,,change,Reason,desire,0.0,,,2.0,1.5
1246,1264,2,110.0,2023-08-09 13:25:40.703915,Ich möchte mich gesünder ernähren,change,Reason,desire,,2023-08-09 13:25:43.005202,"Du möchtest also gesünder essen. Kannst du mir etwas darüber erzählen, warum dir diese Veränderung wichtig ist?",,,change,Reason,desire,0.0,,,2.0,2.0
1263,1281,2,111.0,2023-08-09 14:49:23.078509,Ich möchte weniger prokrastinieren,change,Reason,desire,,2023-08-09 14:49:24.893787,"Du möchtest also weniger prokrastinieren. Kannst du mir etwas darüber erzählen, warum dir diese Veränderung wichtig ist?",,,change,Reason,desire,0.0,,,2.0,1.5
1275,1293,2,112.0,2023-08-09 15:44:25.371395,Ich möchte weniger prokrastinieren,change,Reason,desire,,2023-08-09 15:44:28.764652,"Du möchtest also weniger prokrastinieren. Kannst du mir etwas darüber erzählen, warum dir diese Veränderung wichtig ist?",,,change,Reason,desire,0.0,,,2.0,1.5
1287,1305,2,113.0,2023-08-09 16:04:20.506858,Ich möchte weniger prokrastinieren,change,Reason,desire,,2023-08-09 16:04:22.311013,"Du möchtest also weniger prokrastinieren. Kannst du mir etwas darüber erzählen, warum dir diese Veränderung wichtig ist?",,,change,Reason,desire,0.0,,,2.0,1.5
1299,1317,2,114.0,2023-08-09 17:00:54.812104,Ich möchte weniger prokrastinieren,change,Reason,desire,,2023-08-09 17:00:56.423017,"Du möchtest also weniger prokrastinieren. Kannst du mir etwas darüber erzählen, warum dir diese Veränderung wichtig ist?",,,change,Reason,desire,0.0,,,2.0,1.5
1311,1329,2,115.0,2023-08-10 09:12:00.711937,Ich möchte weniger prokrastinieren,change,Reason,desire,,2023-08-10 09:12:02.491434,"Du möchtest also weniger prokrastinieren. Kannst du mir etwas darüber erzählen, warum dir diese Veränderung wichtig ist?",,,change,Reason,desire,0.0,,,2.0,1.5
1323,1341,2,116.0,2023-08-10 09:28:26.547365,Ich möchte weniger prokrastinieren,change,Reason,desire,,2023-08-10 09:28:28.215767,"Du möchtest also weniger prokrastinieren. Kannst du mir etwas darüber erzählen, warum dir diese Veränderung wichtig ist?",,,change,Reason,desire,0.0,,,2.0,1.5
1328,1346,2,117.0,2023-08-10 09:30:42.194975,Ich möchte weniger prokrastinieren,change,Reason,desire,,2023-08-10 09:30:43.986644,"Du möchtest also weniger prokrastinieren. Kannst du mir etwas darüber erzählen, warum dir diese Veränderung wichtig ist?",,,change,Reason,desire,0.0,,,2.0,1.5
1341,1359,2,118.0,2023-08-10 09:40:03.253099,Ich möchte weniger prokrastinieren,change,Reason,desire,,2023-08-10 09:40:04.848809,"Du möchtest also weniger prokrastinieren. Kannst du mir etwas darüber erzählen, warum dir diese Veränderung wichtig ist?",,,change,Reason,desire,0.0,,,2.0,1.5
1352,1370,2,120.0,2023-08-10 09:44:33.143708,Ich möchte mich gesünder ernähren,change,Reason,desire,,2023-08-10 09:44:34.920658,"Du möchtest also gesünder essen. Kannst du mir etwas darüber erzählen, warum dir diese Veränderung wichtig ist?",,,change,Reason,desire,0.0,,,2.0,2.0
1360,1378,2,121.0,2023-08-10 09:47:19.542893,Ich möchte weniger prokrastinieren,change,Reason,desire,,2023-08-10 09:47:21.05133,"Du möchtest also weniger prokrastinieren. Kannst du mir etwas darüber erzählen, warum dir diese Veränderung wichtig ist?",,,change,Reason,desire,0.0,,,2.0,1.5
1382,1400,2,122.0,2023-08-10 09:54:34.568261,Ich möchte nachhaltiger leben,change,Reason,desire,,2023-08-10 09:54:36.338488,"Du möchtest also nachhaltiger leben. Kannst du mir etwas darüber erzählen, warum dir diese Veränderung wichtig ist?",,,change,Reason,desire,0.0,,,2.0,2.0
1397,1415,2,123.0,2023-08-10 10:02:17.475111,Ich möchte weniger prokrastinieren,change,Reason,desire,,2023-08-10 10:02:19.003749,"Du möchtest also weniger prokrastinieren. Kannst du mir etwas darüber erzählen, warum dir diese Veränderung wichtig ist?",,,change,Reason,desire,0.0,,,2.0,1.5
1406,1424,2,124.0,2023-08-10 10:08:05.275346,Ich möchte weniger prokrastinieren,change,Reason,desire,,2023-08-10 10:08:07.322626,"Du möchtest also weniger prokrastinieren. Kannst du mir etwas darüber erzählen, warum dir diese Veränderung wichtig ist?",,,change,Reason,desire,1.0,,,2.0,1.5
1418,1436,2,125.0,2023-08-10 10:17:15.194031,Ich möchte weniger prokrastinieren,change,Reason,desire,,2023-08-10 10:17:16.961703,"Du möchtest also weniger prokrastinieren. Kannst du mir etwas darüber erzählen, warum dir diese Veränderung wichtig ist?",,,change,Reason,desire,0.0,,,2.0,1.5
1427,1445,2,126.0,2023-08-10 10:21:38.386597,Ich möchte mich gesünder ernähren,change,Reason,desire,,2023-08-10 10:21:40.041984,"Du möchtest also gesünder essen. Kannst du mir etwas darüber erzählen, warum dir diese Veränderung wichtig ist?",,,change,Reason,desire,0.0,,,2.0,2.0
1437,1455,2,127.0,2023-08-10 10:27:17.242537,Ich möchte weniger prokrastinieren,change,Reason,desire,,2023-08-10 10:27:18.760031,"Du möchtest also weniger prokrastinieren. Kannst du mir etwas darüber erzählen, warum dir diese Veränderung wichtig ist?",,,change,Reason,desire,1.0,,,2.0,1.5
1460,1483,2,129.0,2023-08-10 10:47:02.379012,Ich möchte weniger prokrastinieren,change,Reason,desire,,2023-08-10 10:47:04.042046,"Du möchtest also weniger prokrastinieren. Kannst du mir etwas darüber erzählen, warum dir diese Veränderung wichtig ist?",,,change,Reason,desire,0.0,,,2.0,1.5
1477,1500,2,130.0,2023-08-10 11:19:45.323536,Ich möchte weniger prokrastinieren,change,Reason,desire,,2023-08-10 11:19:46.921238,"Du möchtest also weniger prokrastinieren. Kannst du mir etwas darüber erzählen, warum dir diese Veränderung wichtig ist?",,,change,Reason,desire,0.0,,,2.0,1.5
1483,1506,2,131.0,2023-08-10 11:23:45.546729,Ich möchte mich gesünder ernähren,change,Reason,desire,,2023-08-10 11:23:47.112676,"Du möchtest also gesünder essen. Kannst du mir etwas darüber erzählen, warum dir diese Veränderung wichtig ist?",,,change,Reason,desire,1.0,,,2.0,2.0
1501,1524,2,132.0,2023-08-10 12:03:09.211528,Ich möchte weniger prokrastinieren,change,Reason,desire,,2023-08-10 12:03:10.99028,"Du möchtest also weniger prokrastinieren. Kannst du mir etwas darüber erzählen, warum dir diese Veränderung wichtig ist?",,,change,Reason,desire,0.0,,,2.0,1.5
1507,1530,2,133.0,2023-08-10 12:08:41.353444,Ich möchte mich gesünder ernähren,change,Reason,desire,,2023-08-10 12:08:43.001888,"Du möchtest also gesünder essen. Kannst du mir etwas darüber erzählen, warum dir diese Veränderung wichtig ist?",,,change,Reason,desire,0.0,,,2.0,2.0
1528,1551,2,135.0,2023-08-10 12:48:07.733667,Ich möchte weniger prokrastinieren,change,Reason,desire,,2023-08-10 12:48:09.339424,"Du möchtest also weniger prokrastinieren. Kannst du mir etwas darüber erzählen, warum dir diese Veränderung wichtig ist?",,,change,Reason,desire,0.0,,,2.0,1.5
1529,1552,2,136.0,2023-08-10 12:48:16.684867,Ich möchte mich gesünder ernähren,change,Reason,desire,,2023-08-10 12:48:18.460613,"Du möchtest also gesünder essen. Kannst du mir etwas darüber erzählen, warum dir diese Veränderung wichtig ist?",,,change,Reason,desire,0.0,,,2.0,2.0
1534,1557,2,137.0,2023-08-10 12:49:02.012431,Ich möchte weniger prokrastinieren,change,Reason,desire,,2023-08-10 12:49:03.595619,"Du möchtest also weniger prokrastinieren. Kannst du mir etwas darüber erzählen, warum dir diese Veränderung wichtig ist?",,,change,Reason,desire,0.0,,,2.0,1.5
1580,1604,2,140.0,2023-08-10 13:44:51.428017,Ich möchte weniger prokrastinieren,change,Reason,desire,,2023-08-10 13:44:53.630549,"Du möchtest also weniger prokrastinieren. Kannst du mir etwas darüber erzählen, warum dir diese Veränderung wichtig ist?",,,change,Reason,desire,0.0,,,2.0,1.5
1592,1616,2,141.0,2023-08-10 14:06:01.830718,Ich möchte weniger prokrastinieren,change,Reason,desire,,2023-08-10 14:06:03.467093,"Du möchtest also weniger prokrastinieren. Kannst du mir etwas darüber erzählen, warum dir diese Veränderung wichtig ist?",,,change,Reason,desire,0.0,,,2.0,1.5
1604,1637,2,144.0,2023-08-11 08:48:11.242234,Ich möchte weniger prokrastinieren,change,Reason,desire,,2023-08-11 08:48:13.093318,"Du möchtest also weniger prokrastinieren. Kannst du mir etwas darüber erzählen, warum dir diese Veränderung wichtig ist?",,,change,Reason,desire,0.0,,,2.0,1.5
1614,1647,2,145.0,2023-08-11 09:01:13.527558,Ich möchte weniger prokrastinieren,change,Reason,desire,,2023-08-11 09:01:15.150595,"Du möchtest also weniger prokrastinieren. Kannst du mir etwas darüber erzählen, warum dir diese Veränderung wichtig ist?",,,change,Reason,desire,0.0,,,2.0,1.5
1623,1656,2,146.0,2023-08-11 09:06:34.140813,Ich möchte weniger prokrastinieren,change,Reason,desire,,2023-08-11 09:06:36.502482,"Du möchtest also weniger prokrastinieren. Kannst du mir etwas darüber erzählen, warum dir diese Veränderung wichtig ist?",,,change,Reason,desire,0.0,,,2.0,1.5
1638,1671,2,147.0,2023-08-11 09:16:04.827841,Ich möchte weniger prokrastinieren,change,Reason,desire,,2023-08-11 09:16:06.777984,"Du möchtest also weniger prokrastinieren. Kannst du mir etwas darüber erzählen, warum dir diese Veränderung wichtig ist?",,,change,Reason,desire,0.0,,,2.0,1.5
1644,1677,2,148.0,2023-08-11 09:17:17.868556,Ich möchte nachhaltiger leben,change,Reason,desire,,2023-08-11 09:17:19.555046,"Du möchtest also nachhaltiger leben. Kannst du mir etwas darüber erzählen, warum dir diese Veränderung wichtig ist?",,,change,Reason,desire,0.0,,,2.0,2.0
1653,1686,2,149.0,2023-08-11 09:19:51.594363,Ich möchte weniger prokrastinieren,change,Reason,desire,,2023-08-11 09:19:53.506673,"Du möchtest also weniger prokrastinieren. Kannst du mir etwas darüber erzählen, warum dir diese Veränderung wichtig ist?",,,change,Reason,desire,,,,2.0,1.5
1658,1691,2,150.0,2023-08-11 09:20:56.678821,Ich möchte nachhaltiger leben,change,Reason,desire,,2023-08-11 09:20:58.645316,"Du möchtest also nachhaltiger leben. Kannst du mir etwas darüber erzählen, warum dir diese Veränderung wichtig ist?",,,change,Reason,desire,0.0,,,2.0,2.0
1663,1696,2,151.0,2023-08-11 09:22:10.584233,Ich möchte weniger prokrastinieren,change,Reason,desire,,2023-08-11 09:22:12.234929,"Du möchtest also weniger prokrastinieren. Kannst du mir etwas darüber erzählen, warum dir diese Veränderung wichtig ist?",,,change,Reason,desire,0.0,,,2.0,1.5
1692,1725,2,152.0,2023-08-11 09:30:32.623399,Ich möchte mich gesünder ernähren,change,Reason,desire,,2023-08-11 09:30:35.031526,"Du möchtest also gesünder essen. Kannst du mir etwas darüber erzählen, warum dir diese Veränderung wichtig ist?",,,change,Reason,desire,0.0,,,2.0,2.0
1707,1740,2,153.0,2023-08-11 09:43:20.201749,Ich möchte weniger prokrastinieren,change,Reason,desire,,2023-08-11 09:43:22.703018,"Du möchtest also weniger prokrastinieren. Kannst du mir etwas darüber erzählen, warum dir diese Veränderung wichtig ist?",,,change,Reason,desire,0.0,,,2.0,1.5
1725,1763,2,156.0,2023-08-14 14:04:21.843355,Ich möchte weniger prokrastinieren,change,Reason,desire,,2023-08-14 14:04:24.847951,"Du möchtest also weniger prokrastinieren. Kannst du mir etwas darüber erzählen, warum dir diese Veränderung wichtig ist?",,,change,Reason,desire,0.0,,,2.0,1.5
1751,1789,2,158.0,2023-08-14 15:08:10.681883,Ich möchte nachhaltiger leben,change,Reason,desire,,2023-08-14 15:08:12.547443,"Du möchtest also nachhaltiger leben. Kannst du mir etwas darüber erzählen, warum dir diese Veränderung wichtig ist?",,,change,Reason,desire,0.0,,,2.0,2.0
1782,1820,2,161.0,2023-08-14 15:46:03.559354,Ich möchte mich gesünder ernähren,change,Reason,desire,,2023-08-14 15:46:05.286923,"Du möchtest also gesünder essen. Kannst du mir etwas darüber erzählen, warum dir diese Veränderung wichtig ist?",,,change,Reason,desire,,,,2.0,2.0
1791,1829,2,162.0,2023-08-14 15:48:53.880868,Ich möchte mich gesünder ernähren,change,Reason,desire,,2023-08-14 15:48:55.645051,"Du möchtest also gesünder essen. Kannst du mir etwas darüber erzählen, warum dir diese Veränderung wichtig ist?",,,change,Reason,desire,1.0,,,2.0,2.0
1842,1880,2,167.0,2023-08-14 16:34:15.657258,Ich möchte weniger prokrastinieren,change,Reason,desire,,2023-08-14 16:34:17.652894,"Du möchtest also weniger prokrastinieren. Kannst du mir etwas darüber erzählen, warum dir diese Veränderung wichtig ist?",,,change,Reason,desire,0.0,,,2.0,1.5
1866,1904,2,168.0,2023-08-16 09:26:28.279648,Ich möchte weniger prokrastinieren,change,Reason,desire,,2023-08-16 09:26:30.070171,"Du möchtest also weniger prokrastinieren. Kannst du mir etwas darüber erzählen, warum dir diese Veränderung wichtig ist?",,,change,Reason,desire,0.0,,,2.0,1.5
1887,1925,2,170.0,2023-08-16 10:45:52.222483,Ich möchte weniger prokrastinieren,change,Reason,desire,,2023-08-16 10:45:53.772591,"Du möchtest also weniger prokrastinieren. Kannst du mir etwas darüber erzählen, warum dir diese Veränderung wichtig ist?",,,change,Reason,desire,0.0,,,2.0,1.5
1904,1942,2,172.0,2023-08-16 11:29:57.890582,Ich möchte mich gesünder ernähren,change,Reason,desire,,2023-08-16 11:29:59.738803,"Du möchtest also gesünder essen. Kannst du mir etwas darüber erzählen, warum dir diese Veränderung wichtig ist?",,,change,Reason,desire,0.0,,,2.0,2.0
1953,1991,2,175.0,2023-08-16 12:51:21.874887,Ich möchte weniger prokrastinieren,change,Reason,desire,,2023-08-16 12:51:24.276524,"Du möchtest also weniger prokrastinieren. Kannst du mir etwas darüber erzählen, warum dir diese Veränderung wichtig ist?",,,change,Reason,desire,0.0,,,2.0,1.5
1964,2002,2,176.0,2023-08-16 13:03:13.973088,Ich möchte nachhaltiger leben,change,Reason,desire,,2023-08-16 13:03:15.978819,"Du möchtest also nachhaltiger leben. Kannst du mir etwas darüber erzählen, warum dir diese Veränderung wichtig ist?",,,change,Reason,desire,0.0,,,2.0,2.0
1971,2009,2,177.0,2023-08-16 13:11:32.568339,Ich möchte nachhaltiger leben,change,Reason,desire,,2023-08-16 13:11:34.001048,"Du möchtest also nachhaltiger leben. Kannst du mir etwas darüber erzählen, warum dir diese Veränderung wichtig ist?",,,change,Reason,desire,0.0,,,2.0,2.0
1983,2021,2,178.0,2023-08-16 13:17:26.120063,Ich möchte weniger prokrastinieren,change,Reason,desire,,2023-08-16 13:17:27.687525,"Du möchtest also weniger prokrastinieren. Kannst du mir etwas darüber erzählen, warum dir diese Veränderung wichtig ist?",,,change,Reason,desire,0.0,,,2.0,1.5
2001,2039,2,179.0,2023-08-16 13:32:05.316282,Ich möchte weniger prokrastinieren,change,Reason,desire,,2023-08-16 13:32:07.09262,"Du möchtest also weniger prokrastinieren. Kannst du mir etwas darüber erzählen, warum dir diese Veränderung wichtig ist?",,,change,Reason,desire,0.0,,,2.0,1.5
2023,2061,2,181.0,2023-08-16 14:21:19.419781,Ich möchte weniger prokrastinieren,change,Reason,desire,,2023-08-16 14:21:21.201103,"Du möchtest also weniger prokrastinieren. Kannst du mir etwas darüber erzählen, warum dir diese Veränderung wichtig ist?",,,change,Reason,desire,0.0,,,2.0,1.5
2031,2069,2,182.0,2023-08-16 14:31:45.02554,Ich möchte mich gesünder ernähren,change,Reason,desire,,2023-08-16 14:31:46.607009,"Du möchtest also gesünder essen. Kannst du mir etwas darüber erzählen, warum dir diese Veränderung wichtig ist?",,,change,Reason,desire,0.0,,,2.0,2.0
2042,2080,2,183.0,2023-08-16 14:38:51.060116,Ich möchte weniger prokrastinieren,change,Reason,desire,,2023-08-16 14:38:52.966311,"Du möchtest also weniger prokrastinieren. Kannst du mir etwas darüber erzählen, warum dir diese Veränderung wichtig ist?",,,change,Reason,desire,0.0,,,2.0,1.5
2073,2111,2,186.0,2023-08-16 16:05:05.190105,Ich möchte weniger prokrastinieren,change,Reason,desire,,2023-08-16 16:05:06.951109,"Du möchtest also weniger prokrastinieren. Kannst du mir etwas darüber erzählen, warum dir diese Veränderung wichtig ist?",,,change,Reason,desire,0.0,,,2.0,1.5
2090,2128,2,188.0,2023-08-16 16:47:52.328313,Ich möchte weniger prokrastinieren,change,Reason,desire,,2023-08-16 16:47:53.97699,"Du möchtest also weniger prokrastinieren. Kannst du mir etwas darüber erzählen, warum dir diese Veränderung wichtig ist?",,,change,Reason,desire,0.0,,,2.0,1.5
2095,2133,2,189.0,2023-08-16 16:50:19.893873,Ich möchte weniger prokrastinieren,change,Reason,desire,,2023-08-16 16:50:21.46022,"Du möchtest also weniger prokrastinieren. Kannst du mir etwas darüber erzählen, warum dir diese Veränderung wichtig ist?",,,change,Reason,desire,0.0,,,2.0,1.5
2114,2152,2,190.0,2023-08-16 17:29:05.144615,Ich möchte weniger prokrastinieren,change,Reason,desire,,2023-08-16 17:29:06.703957,"Du möchtest also weniger prokrastinieren. Kannst du mir etwas darüber erzählen, warum dir diese Veränderung wichtig ist?",,,change,Reason,desire,0.0,,,2.0,1.5
2124,2162,2,191.0,2023-08-16 17:35:13.213601,Ich möchte weniger prokrastinieren,change,Reason,desire,,2023-08-16 17:35:14.787308,"Du möchtest also weniger prokrastinieren. Kannst du mir etwas darüber erzählen, warum dir diese Veränderung wichtig ist?",,,change,Reason,desire,0.0,,,2.0,1.5
2136,2174,2,192.0,2023-08-16 17:43:22.821791,Ich möchte weniger prokrastinieren,change,Reason,desire,,2023-08-16 17:43:24.542163,"Du möchtest also weniger prokrastinieren. Kannst du mir etwas darüber erzählen, warum dir diese Veränderung wichtig ist?",,,change,Reason,desire,0.0,,,2.0,1.5
